Assessment Name,URL,Description,Duration,Remote Testing,Adaptive/IRT,Test Type,Job Level,Assessment Length
District/Regional Manager Solution,https://www.shl.com/solutions/products/product-catalog/view/districtregional-manager-solution/,"The District/Regional Manager solution is for mid- to senior-level managerial positions that oversee multiple stores within a defined area.  Sample tasks for these jobs include, but are not limited to: directing a group of supervisors or managers, having profit and loss responsibility for a district or region, and aligning work with overall company goals.  Potential job titles that use this solution are: Regional Director, District Manager, General Manager, Regional Manager, Store Manager, and Area Manager. There are multiple configurations and versions of this solution available.",,No,Yes,"A, B, P","Manager,",Approximate Completion Time in minutes = 65
Entry Level Cashier 7.1 (Americas),https://www.shl.com/solutions/products/product-catalog/view/entry-level-cashier-7-1-%28americas%29/,"The Entry level Cashier 7.1 solution is for entry-level retail positions in which employees receive payment in the form of cash, check, or credit cards for goods purchased. Sample tasks for these jobs include, but are not limited to: handling payments, offering customer service, and issuing receipts and refunds. Potential job titles that use this solution are: Cashier, Sales Associate, and Clerk.",,No,No,"B, P, A","Entry-Level,",Approximate Completion Time in minutes = 18
Entry Level Cashier 7.1 (International),https://www.shl.com/solutions/products/product-catalog/view/entry-level-cashier-7-1-%28international%29/,"The Entry level Cashier 7.1 solution is for entry-level retail positions in which employees receive payment in the form of cash, check, or credit cards for goods purchased. Sample tasks for these jobs include, but are not limited to: handling payments, offering customer service, and issuing receipts and refunds. Potential job titles that use this solution are: Cashier, Sales Associate, and Clerk.",,No,No,"A, B, P","Entry-Level,",Approximate Completion Time in minutes = 18
Entry Level Customer Service 7.1 (Americas),https://www.shl.com/solutions/products/product-catalog/view/entry-level-customer-service-7-1-%28americas%29/,"The Entry Level Customer Service Solution (Retail and Contact Center) 7.1 is for entry-level positions in which employees interact with customers by providing information or carrying out customer requests related to an organizations products or services. Sample tasks for these jobs include, but are not limited to: interacting with customers on the phone or in person; taking orders; solving product or service issues; and responding positively to difficult or irate customers.“IMPORTANT! Please note that you will need to select the correct package depending on which norm you intend to use. The package available for this product is International, South Africa and Americas"".",,No,No,"C, P","Entry-Level,",Approximate Completion Time in minutes = 19
Entry Level Customer Service 7.1 (International),https://www.shl.com/solutions/products/product-catalog/view/entry-level-customer-service-%28retail-and-cc%29-7-1/,"The Entry Level Customer Service Solution (Retail and Contact Center) 7.1 is for entry-level positions in which employees interact with customers by providing information or carrying out customer requests related to an organizations products or services. Sample tasks for these jobs include, but are not limited to: interacting with customers on the phone or in person; taking orders; solving product or service issues; and responding positively to difficult or irate customers.“IMPORTANT! Please note that you will need to select the correct package depending on which norm you intend to use. The package available for this product is International, South Africa and Americas"".",,No,No,"C, P","Entry-Level,",Approximate Completion Time in minutes = 19
Entry Level Customer Service 7.1 (South Africa),https://www.shl.com/solutions/products/product-catalog/view/entry-level-customer-service-7-1-%28south-africa%29/,"The Entry Level Customer Service Solution (Retail and Contact Center) 7.1 is for entry-level positions in which employees interact with customers by providing information or carrying out customer requests related to an organization's products or services. Sample tasks for these jobs include but are not limited to interacting with customers on the phone or in person; taking orders; solving product or service issues; and responding positively to difficult or irate customers.  “IMPORTANT! Please note that you will need to select the correct package depending on which norm you intend to use. The package available for this product is International, South Africa and Americas"".",,No,No,"C, P","Entry-Level,",Approximate Completion Time in minutes = 19
Entry level Sales 7.1 (Americas),https://www.shl.com/solutions/products/product-catalog/view/entry-level-sales-7-1-%28americas%29/,"The Entry Level Sales 7.1 Solution is for entry-level positions in which employees proactively sell products or services to customers and have their compensation and/or performance based on sales revenue. Sample tasks for these jobs include, but are not limited to: promoting products to customers, persuading customers to buy products, and completing a transaction with a customer.",,No,No,"B, C, P","Entry-Level,",Approximate Completion Time in minutes = 20
Entry level Sales 7.1 (International),https://www.shl.com/solutions/products/product-catalog/view/entry-level-sales-7-1/,"The Entry Level Sales 7.1 Solution is for entry-level positions in which employees proactively sell products or services to customers and have their compensation and/or performance based on sales revenue. Sample tasks for these jobs include, but are not limited to: promoting products to customers, persuading customers to buy products, and completing a transaction with a customer.
Report Language Availability: English (USA), English International,     Portuguese, French Canadian, German, French, Chinese Simplified, Spanish, North American Spanish.",,No,No,"P, B, C","Entry-Level,",Approximate Completion Time in minutes = 20
Entry Level Sales Sift Out 7.1,https://www.shl.com/solutions/products/product-catalog/view/entry-level-sales-sift-out-7-1/,"The Entry Level Sales Sift Out 7.1 Solution is for entry-level positions in which employees proactively sell products or services to customers and have their compensation and/or performance based on sales revenue. Sample tasks for these jobs include, but are not limited to: promoting products to customers, persuading customers to buy products, and completing a transaction with a customer",,No,No,"C, P, B","Entry-Level,",Approximate Completion Time in minutes = 20
Event Sales Manager Solution,https://www.shl.com/solutions/products/product-catalog/view/event-sales-manager-solution/,"The Event Sales Manager solution is designed for management level positions in the hospitality industry. Sample tasks include selling use of facility space for special events and managing staff. The solution is focused on sales, solving problems and making good decisions. Potential job titles that use this solution are: Event Sales Manager, Events Manager and Special Events Manager. Multiple configurations of this solution are available.",,No,Yes,"S, A, B, P","Supervisor, Front Line Manager, Manager,",Approximate Completion Time in minutes = 50
Executive - Short Form,https://www.shl.com/solutions/products/product-catalog/view/executive-short-form/,"The Executive solution is intended for use with senior executive level positions responsible for planning, directing, or coordinating key business activities and operations at the highest level of an organization. Executives at this level often accomplish their work through subordinate executives and provide overall direction to their organization by determining and formulating policies within guidelines set up by a board of directors or similar governing body. Potential job titles that use this solution are: Executive Vice President, President, and Executive Director.",,No,Yes,"A, B, P","Executive,",Approximate Completion Time in minutes = 74
Financial Professional - Short Form,https://www.shl.com/solutions/products/product-catalog/view/financial-professional-short-form/,"This solution is for mid-level financial institution positions that require Series 6/7 certification. Candidates answer multiple choice questions to measure financial professional aptitude, learning potential, achievement orientation, conscientiousness, persistence and planfulness, self leadership, interpersonal leadership, sales focus and customer focus.",,No,No,"A, B, P","Mid-Professional, Professional Individual Contributor,",Approximate Completion Time in minutes = 35
Financial Services Representative Solution,https://www.shl.com/solutions/products/product-catalog/view/financial-services-representative-solution/,"The Financial Services Representative solution is for senior-level professional positions in the insurance industry that sell life insurance to businesses and individuals on behalf of insurance companies. Sample tasks for this position include, but are not limited to: calling on policyholders to deliver and explain policies or suggest additions or changes; calculating premiums; customizing insurance programs to suite individual customers; seeking out new clients and developing clientele by networking; ensuring policy requirements are fulfilled; and conferring with clients to obtain and provide information when calims are made on a policy. Potential job titles that use this solution are: Life Insurance Sales Professional, Insurance Sales Agent. Multiple configurations of this solution are available.",,No,No,"A, B, P","Professional Individual Contributor,",Approximate Completion Time in minutes = 44
Front Desk Associate Solution,https://www.shl.com/solutions/products/product-catalog/view/front-desk-associate-solution/,"The Front Desk Associate solution is designed for entry-level customer service positions in the hospitality industry. The solution is appropriate for positions in which the majority of work is done at the front or guest check-in desk. Sample tasks may include: welcoming guests warmly, issuing keys to guests, tabulating guest bills and accpeting payment. Potential job titles that use this solution are: Front Desk Clerk, Guest Desk Attendant, Guest Check-in Associate, or Front Office Agent. Multiple configurations of this solution are available.",,No,Yes,"A, B, P","Entry-Level,",Approximate Completion Time in minutes = 50
Gaming Associate Solution,https://www.shl.com/solutions/products/product-catalog/view/gaming-associate-solution/,"The Gaming Associate solution is designed for entry to mid-level positions operating gaming tables. The solution is for highly customer service focused positions that may potentially deal with large sums of money. Sample tasks may include: dealing playing cards, counting and confirming patron bets, collecting patron losses and distributing patron winnings, and exchange currency for playing chips. Potential job titles that use this solution are: Table Games Dealer, Black Jack Dealer, Dealer, Casino Dealer, Dual Rate Dealer, Card Dealer and Gaming Dealer. Multiple configurations of this solution are available.",,No,Yes,"A, B, P, S","Entry-Level,",Approximate Completion Time in minutes = 50
Gaming Manager Solution,https://www.shl.com/solutions/products/product-catalog/view/gaming-manager-solution/,"The Gaming Manager solution is designed for management level positions within the hospitality industry. Sample tasks include managing operations, supervisors and associates within gaming environments. The solution is focused on security, integrity and managing sales. Potential job titles that use this solution are: Gaming Floor Manager and Gaming Manager. Multiple configurations of this solution are available.",,No,Yes,"S, A, B, K, P","Front Line Manager, Manager, Supervisor,",Approximate Completion Time in minutes = 55
General Entry Level - All Industries 7.0 Solution,https://www.shl.com/solutions/products/product-catalog/view/general-entry-level-all-industries-7-0-solution/,"Our General Entry Level – All Industries 7.0 solution is designed for entry-level positions across industries. This solution predicts the following types of behaviors foundational to all jobs: being on-time to work; following rules and policies; treating others respectfully; producing quality work; meeting goals; and effectively working alongside others.

Solution can be used across all industries with entry-level positions. Example titles include, but are not limited to: Administrator, Clerk, Veterinary Assistant, Stocker, Dish Washer, Office Coordinator, Tour Guide, Cook, Assistant, Housekeeper, Waste Collector.",,No,No,B,"Entry-Level,",Approximate Completion Time in minutes = 19
General Entry Level - All Industries 7.1 Solution,https://www.shl.com/solutions/products/product-catalog/view/general-entry-level-all-industries-7-1-solution/,"Our General Entry Level – All Industries 7.1 solution is designed for entry-level positions across industries. This solution predicts the following types of behaviors foundational to all jobs: being on-time to work; following rules and policies; treating others respectfully; producing quality work; meeting goals; and effectively working alongside others.

Solution can be used across all industries with entry-level positions. Example titles include, but are not limited to: Administrator, Clerk, Veterinary Assistant, Stocker, Dish Washer, Office Coordinator, Tour Guide, Cook, Assistant, Housekeeper, Waste Collector. “MCP Product: please note that you will need to select the correct package depending on which norm you intend to use. The package available for this product is Americas and International.""",,No,No,B,"Entry-Level,",Approximate Completion Time in minutes = 19
General Entry Level - All Industries 7.1(Americas),https://www.shl.com/solutions/products/product-catalog/view/general-entry-level-all-industries-7-1%28americas%29/,"Our General Entry Level – All Industries 7.1 solution is designed for entry-level positions across industries. This solution predicts the following types of behaviors foundational to all jobs: being on-time to work; following rules and policies; treating others respectfully; producing quality work; meeting goals; and effectively working alongside others.

Solution can be used across all industries with entry-level positions. Example titles include, but are not limited to: Administrator, Clerk, Veterinary Assistant, Stocker, Dish Washer, Office Coordinator, Tour Guide, Cook, Assistant, Housekeeper, Waste Collector.",,No,No,B,"Entry-Level,",Approximate Completion Time in minutes = 19
General Entry Level – Data Entry 7.0 Solution,https://www.shl.com/solutions/products/product-catalog/view/general-entry-level-data-entry-7-0-solution/,"Our General Entry Level – Data Entry 7.0 solution is designed for entry-level positions that include entering data into computers or data management systems. This solution measures speed and accuracy at typing text and numbers into forms and predicts the following types of behaviors foundational to all jobs: being on-time to work; following rules and policies; treating others respectfully; producing quality work; meeting goals; and approaching work in a thorough and precise manner.  

This solution can be used across all industries with entry-level positions. Example titles include, but are not limited to: Accounting Clerk, Accounts Receivable Clerk, Administrative Clerk, Clerical Aide, Clerical Assistant, Office Assistant, Office Services Specialist, Staff Assistant.
Report Language Availability: English (USA)",,No,No,"B, K","General Population, Entry-Level,",Approximate Completion Time in minutes = 24
Graduate + 8.0 Job Focused Assessment,https://www.shl.com/solutions/products/product-catalog/view/graduate-8-0-job-focused-assessment/,"The Graduate + 8.0 Job Focused Assessment is a short, targeted, globally applicable assessment which includes a short cognitive ability measure. It helps you identify graduates with the highest potential to contribute and succeed, as well as providing actionable feedback to help you onboard new hires.

It is designed for professional level positions appropriate for recent college graduates and is available as part of SHL’s Graduate Solution.",,No,No,"A, B, P","Graduate,",Approximate Completion Time in minutes = 30 minutes
Graduate 7.1 Job Focused Assessment,https://www.shl.com/solutions/products/product-catalog/view/graduate-7-1-job-focused-assessment/,The Graduate 7.1 Job Focused Assessment is designed for professional level positions appropriate for recent college graduates.,,No,No,"B, C","Graduate,",Approximate Completion Time in minutes = 19
Graduate 8.0 Job Focused Assessment,https://www.shl.com/solutions/products/product-catalog/view/graduate-8-0-job-focused-assessment-4228/,"The Graduate 8.0 Job Focused Assessment is a short, targeted, globally applicable assessment to help you identify graduates with the highest potential to contribute and succeed. It also provides actionable feedback to help you onboard new hires.

It is designed for professional level positions appropriate for recent college graduates and is available as part of SHL’s Graduate Solution.",,No,No,"P, B","Graduate,",Approximate Completion Time in minutes = 20 minutes
Guest Service Team 7.0 Solution,https://www.shl.com/solutions/products/product-catalog/view/guest-service-team-7-0-solution/,"Our Guest Service Team 7.0 solution is designed for team-oriented entry-level positions that involve a high degree of interaction with customers. The solution covers a wide variety of positions, and assesses competencies critical to interacting with customers including: persisting to meet guest needs; behaving responsibly and appropriately; effectively working alongside others; preparing and/or delivering customer orders; following rules and policies; and communicating effectively. 

Potential job titles that use this solution include: Server, Hostess, Guest Services Team Member, Customer Service Champion.
Report Language Availability: English (USA), Latin American Spanish.",,No,No,B,"Entry-Level,",Approximate Completion Time in minutes = 18
Guest Services Associate Solution,https://www.shl.com/solutions/products/product-catalog/view/guest-services-associate-solution/,"The Guest Services Associate solution is designed for entry to mid-level customer service positions in the hospitality industry. The solution is for highly customer service focused positions with few to no sales components. Sample tasks may include: providing information on entertainment, dining and transportation to guests, making dining recommentations to guests, arranging transportation for guests, and making reservations. Potential job titles that use this solution are: Concierge, Guest Services Agent, Club Concierge, Hotel Concierge, Front Office Manager and Guest Services Associate. Multiple configurations of this solution are available.",,No,Yes,"A, B, P, S","Entry-Level,",Approximate Completion Time in minutes = 48
Healthcare Aide 7.0 Solution,https://www.shl.com/solutions/products/product-catalog/view/healthcare-aide-7-0-solution/,"Our Healthcare Aide 7.0 solution is designed for individually-oriented, entry-level positions that directly support another person's health and well-being. The solution covers a wide variety of positions, and assesses behaviors critical for patient support roles including: understanding and following detailed instructions; administering personal care; being respectful and tolerant of patients; preparing and maintaining records of patient progress and services performed; and working hard to meet or exceed patient needs.  
Potential job titles that use this solution include: Personal Care Aide, Healthcare Aide, Home Health Aide, Dental Assistant.
Report Language Availability: English (USA), Latin American Spanish.",,No,No,B,"Entry-Level,",Approximate Completion Time in minutes = 22
Healthcare Call Center Agent Solution,https://www.shl.com/solutions/products/product-catalog/view/healthcare-call-center-agent-solution/,"The Healthcare Call Center Agent solution is for entry-level positions in an inbound healthcare call center environment.  Sample tasks for this job include, but are not limited to: taking and receiving information from patients over the phone, working between computer screens, and entering information into a computer.  Potential job titles that use this solution are: Call Center Representative, Receptionist, and Switchboard Operator.  Multiple configurations of this solution are available.",,No,Yes,"A, B, P, S","Entry-Level,",Approximate Completion Time in minutes = 44
Healthcare Service Associate Solution,https://www.shl.com/solutions/products/product-catalog/view/healthcare-service-associate-solution/,"The Healthcare Service Associate solution is for entry-level positions in a healthcare environment that require the employee to interact with patients.  Sample tasks for this job include, but are not limited to: delivering food to patients, cleaning patient rooms, and welcoming guests to the hospital.  Potential job titles that use this solution are: Housekeepers, Dietary Aides, and Guest Services Coordinator. There are multiple configurations and versions of this solution available.",,No,Yes,"A, B, P","Entry-Level,",Approximate Completion Time in minutes = 37
Healthcare Support Specialist Solution,https://www.shl.com/solutions/products/product-catalog/view/healthcare-support-specialist-solution/,"The Healthcare Support Specialist solution is for entry-level positions in a healthcare environment that do not require the employee to interact with patients.  Sample tasks for this job include, but are not limited to: preparing food for patients, washing hospital linens, and cleaning the healthcare facility.  Potential job titles that use this solution are: Janitors, Food Preparation Workers, and Laundry Associates.  Multiple configurations of this solution are available.",,No,Yes,"A, B, P","Entry-Level,",Approximate Completion Time in minutes = 30
Home Health Aide Solution,https://www.shl.com/solutions/products/product-catalog/view/home-health-aide-solution/,"The Home Health Aide solution is for entry-level positions in an in-home or group home environment.  Sample tasks for this job include, but are not limited to: monitoring vital signs and medication intake, administering bedside and personal care such as ambulation and personal hygiene, and preparing and maintaining records of patient progress and services performed.  Potential job titles that use this solution are: Personal Care Aide, Home Health Aide, Residential Assistant, and Certified Nursing Assistant. There are multiple configurations and versions of this solution available.",,No,Yes,"A, B, P","Entry-Level,",Approximate Completion Time in minutes = 41
Hospitality Manager Solution,https://www.shl.com/solutions/products/product-catalog/view/hospitality-manager-solution/,"The Hospitality Manager solution is designed for management level positions in the hospitality industry. Sample tasks include overall property management, managing staff and managing the guest experience. The solution is focused on managing business operations, managing staff, solving problems, making good decisions and maintaining focus on the customer. Potential job titles that use this solution are: Property Manager, Property Director, Hotel Manager and Hospitality Manager. Multiple configurations of this solution are available.",,No,Yes,"A, B, K, P","Front Line Manager, Manager, Supervisor,",Approximate Completion Time in minutes = 57
Host Solution,https://www.shl.com/solutions/products/product-catalog/view/host-solution/,"The Host solution is designed for entry level positions in the hospitality industry. Sample tasks include greeting guests, managing wait lists and showing guests to their tables. The solution is focused on work ethic and customer focus. Potential job titles that use this solution are: Host, Hostess and Greeter. There are multiple configurations and versions of this solution available.",,No,Yes,"B, P","Entry-Level,",Approximate Completion Time in minutes = 30
Industrial - Entry Level 7.0 Solution,https://www.shl.com/solutions/products/product-catalog/view/industrial-entry-level-7-0-solution/,"Our Industrial – Entry Level 7.0 solution is designed for entry-level positions, and measures the behaviors and experiences that underlie successful and safe performance in general or light industrial roles. The solution covers a wide variety of entry-level positions, and assesses behaviors including: following policies and procedures; general facility upkeep; producing high quality work; maintaining an orderly work environment; wearing required protective equipment; and being thorough.
Potential job titles that use this solution include: Laborer, Custodians, Building and Grounds Maintenance Workers, Handyman.
Report Language Availability: English (USA), Latin American Spanish.",,No,No,B,"Entry-Level,",Approximate Completion Time in minutes = 20
Industrial - Entry Level 7.1 (Americas),https://www.shl.com/solutions/products/product-catalog/view/industrial-entry-level-7-1-%28americas%29/,"Our Industrial – Entry Level 7.1 solution is designed for entry-level positions, and measures the behaviors and experiences that underlie successful and safe performance in general or light industrial roles. The solution covers a wide variety of entry-level positions, and assesses behaviors including: following policies and procedures; general facility upkeep; producing high quality work; maintaining an orderly work environment; wearing required protective equipment; and being thorough.
Potential job titles that use this solution include: Laborer, Custodians, Building and Grounds Maintenance Workers, Handyman.
“IMPORTANT! Please note that you will need to select the correct package depending on which norm you intend to use. The package available for this product is International and Americas"".",,No,No,B,"Entry-Level,",Approximate Completion Time in minutes = 20
Industrial - Entry Level 7.1 (International),https://www.shl.com/solutions/products/product-catalog/view/industrial-entry-level-7-1-%28international%29/,"Our Industrial – Entry Level 7.1 solution is designed for entry-level positions, and measures the behaviors and experiences that underlie successful and safe performance in general or light industrial roles. The solution covers a wide variety of entry-level positions, and assesses behaviors including: following policies and procedures; general facility upkeep; producing high quality work; maintaining an orderly work environment; wearing required protective equipment; and being thorough.
Potential job titles that use this solution include: Laborer, Custodians, Building and Grounds Maintenance Workers, Handyman.
“IMPORTANT! Please note that you will need to select the correct package depending on which norm you intend to use. The package available for this product is International and Americas"".",,No,No,B,"Entry-Level,",Approximate Completion Time in minutes = 20
Industrial - Professional and Skilled 7.0 Solution,https://www.shl.com/solutions/products/product-catalog/view/industrial-professional-and-skilled-7-0-solution/,"Our Industrial – Professional and Skilled 7.0 solution is designed to measure the behaviors and experiences that underlie successful and safe performance in the workplace for specialized technical or professional industrial roles. 
This solution assesses mechanical comprehension and other foundational behaviors including: behaving safely and efficiently in the workplace; installing, repairing, and/or maintaining equipment and machinery; making sound mechanical decisions; maintaining an orderly work environment; and producing high quality and reliable work.
Report Language Availability: English (USA), Latin American Spanish.",,No,Yes,"A, B","Entry-Level,",Approximate Completion Time in minutes = 49
Industrial - Semi-skilled 7.1 (Americas),https://www.shl.com/solutions/products/product-catalog/view/industrial-semi-skilled-7-1-%28americas%29/,"Our Industrial – Semi-skilled 7.1 solution is designed for entry-level positions and measures the behaviors and experiences that underlie successful and safe performance for production workers. The solution assesses behaviors and competencies foundational to industrial roles including: following policies and procedures; applying relevant trade skills; wearing required protective equipment; working with or monitoring equipment; producing high quality work; effectively working with others; and maintaining an orderly work environment. 
Potential job titles that use this solution include: Production and Assembly Worker, Construction Worker, Extraction Technician.Please note this package is in Americas norm.",,No,No,B,"Entry-Level,",Approximate Completion Time in minutes = 24
Industrial - Semi-skilled 7.1 (International),https://www.shl.com/solutions/products/product-catalog/view/industrial-semi-skilled-7-1-%28international%29/,"Our Industrial – Semi-skilled 7.1 solution is designed for entry-level positions and measures the behaviors and experiences that underlie successful and safe performance for production workers. The solution assesses behaviors and competencies foundational to industrial roles including: following policies and procedures; applying relevant trade skills; wearing required protective equipment; working with or monitoring equipment; producing high quality work; effectively working with others; and maintaining an orderly work environment. 
Potential job titles that use this solution include: Production and Assembly Worker, Construction Worker, Extraction Technician.Please note this package is in International norm.",,No,No,B,"Entry-Level,",Approximate Completion Time in minutes = 24
Industrial Professional and Skilled 7.1 (Americas),https://www.shl.com/solutions/products/product-catalog/view/industrial-professional-and-skilled-7-1-%28americas%29/,"Our Industrial – Professional and Skilled 7.1 solution is designed to measure the behaviors and experiences that underlie successful and safe performance in the workplace for specialized technical or professional industrial roles. 
This solution assesses mechanical comprehension and other foundational behaviors including: behaving safely and efficiently in the workplace; installing, repairing, and/or maintaining equipment and machinery; making sound mechanical decisions; maintaining an orderly work environment; and producing high quality and reliable work.“IMPORTANT! Please note that you will need to select the correct package depending on which norm you intend to use. The package available for this product is International and Americas"".",,No,No,"A, B","Entry-Level,",Approximate Completion Time in minutes = 49
Industrial Professional and Skilled 7.1 Solution,https://www.shl.com/solutions/products/product-catalog/view/industrial-professional-and-skilled-7-1-solution/,"Our Industrial – Professional and Skilled 7.1 solution is designed to measure the behaviors and experiences that underlie successful and safe performance in the workplace for specialized technical or professional industrial roles. 
This solution assesses mechanical comprehension and other foundational behaviors including: behaving safely and efficiently in the workplace; installing, repairing, and/or maintaining equipment and machinery; making sound mechanical decisions; maintaining an orderly work environment; and producing high quality and reliable work.“IMPORTANT! Please note that you will need to select the correct package depending on which norm you intend to use. The package available for this product is International and Americas"".",,No,No,"A, B","Entry-Level,",Approximate Completion Time in minutes = 49
Installation and Repair Technician Solution,https://www.shl.com/solutions/products/product-catalog/view/installation-and-repair-technician-solution/,"The Installation and Repair Technician solution is designed for use with entry-level field technician positions in the telecommunications industry. The solution is focused on positions that involve installing, repairing, and maintaining telecommunications equipment, along with some customer interaction, and little to no specific sales components. Sample tasks may include: installing or repairing end-user telecommunications equipment and services, interacting with customers, and installing, or repairing telecommunications network infrastructure. Potential job titles that use this solution are: Installer, Service Technician, and Customer Installation Technician. There are multiple configurations of this solution available.",,No,Yes,"A, B, P, S","Professional Individual Contributor,",Approximate Completion Time in minutes = 49
Insurance Account Manager Solution,https://www.shl.com/solutions/products/product-catalog/view/insurance-account-manager-solution/,"The Insurance Account Manager solution is for mid-level insurance professionals that manage the day-to-day operations and activities of customer accounts.  Sample tasks for this job include, but are not limited to: soliciting sales of new or additional products or services; interacting with customers to provide information in response to inquiries about products and services and to handle and resolve complaints; keeping records of customer interactions and transactions; resolving customers' service or billing complaints; determining charges for services requested; collecting deposits or payments; and arranging for billing.  Potential job titles that use this solution are: Account Executive, Account Manager, and Senior Account Manager.  Multiple configurations of this solution are available.",,No,Yes,"A, B, P, S","Mid-Professional,",Approximate Completion Time in minutes = 48
Insurance Administrative Assistant Solution,https://www.shl.com/solutions/products/product-catalog/view/insurance-administrative-assistant-solution/,"The Administrative Assistant solution is for entry-level clerical positions that interact with external or internal customers. Sample tasks for this job include, but are not limited to: answering telephones; managing files and records; sorting mail; handling information requests; greeting customers; and collaborating with co-workers on projects. Potential job titles that use this solution are: Receptionist and Administrative Assistant. Multiple configurations of this solution are available.",,No,Yes,"A, B, P, S","Entry-Level,",Approximate Completion Time in minutes = 24
Insurance Agent Solution,https://www.shl.com/solutions/products/product-catalog/view/insurance-agent-solution/,"The Insurance Agent solution is for mid-level professional positions in the insurance industry that sell property, casualty, automotive, or other types of insurance. Sample tasks for this position include, but are not limited to: calling on policyholders to deliver and explain policies or suggest additions or changes; calculating premiums; customizing insurance programs to suit individual customers; ensuring policy requirements are fulfilled; and conferring with clients to obtain and provide information when claims are made on a policy. Potential job titles that use this solution are: Insurance Sales Professional; Insurance Sales Agent; Producer; Insurance Agent. Multiple configurations of this solution are available.",,No,Yes,"A, B, P","Mid-Professional,",Approximate Completion Time in minutes = 46
Insurance Director Solution,https://www.shl.com/solutions/products/product-catalog/view/insurance-director-solution/,"The Insurance Director solution is for senior-level management positions in the insurance companies that oversee sales functions across multiple brokerages, offices, or agencies or geographic territories. Sample tasks for this job includes, but is not limited to: directing a group of sales managers or agency managers; having profit and loss responsibility for a district or region; and aligning work with overall company goals. Potential job titles that use this solution are: Regional Managers, Associate Directors, and Managing Directors. Multiple configurations of this solution are available.",,No,Yes,"A, B, P","Director, Front Line Manager, Manager, Supervisor,",Approximate Completion Time in minutes = 49
Insurance Sales Manager Solution,https://www.shl.com/solutions/products/product-catalog/view/insurance-sales-manager-solution/,"The Sales Manager solution is for entry- to mid-level management positions that involve supervising employees working in an insurance organization and have a substantial portion of their job performance based on sales. Sample tasks for this job include, but are not limited to: planning and preparing work schedules; promoting products to customers; training subordinates; analyzing sales statistics gathered by staff to determine sales potential and monitor preferences of customers; building ongoing customer relationships; and making day-to-day decisions with minimal guidance from others. Potential job titles that use this solution are: Insurance Sales Manager, Sales Manager, Assistant Sales Manager, and Sales Supervisor. Multiple configurations of this solution are available.",,No,Yes,"A, B, P, S","Front Line Manager, Manager, Supervisor,",Approximate Completion Time in minutes = 51
Manager - Short Form,https://www.shl.com/solutions/products/product-catalog/view/manager-short-form/,"The Manager solution is an assessment used for job candidates applying to entry-level leadership positions who tend to supervise salaried employees. Sample tasks for these jobs include, but are not limited to: planning projects with subordinates; collaborating with senior managers on developing new methods and procedures; coaching employees on performance-related issues; developing employees' skills; coordinating activities with other managers to accomplish organizational goals; setting and meeting department goals; prioritizing multiple tasks and priorities; making selected strategic and day-to-day decisions; and solving employees' and customers' problems. Potential job titles that use this solution are: Manager, Store Manager, and Branch Manager.",,No,Yes,"A, B, K, P, S","Front Line Manager, Manager, Supervisor,",Approximate Completion Time in minutes = 57
Manager + 7.0 Solution,https://www.shl.com/solutions/products/product-catalog/view/manager-7-0-solution-3955/,"Our Manager + 7.0 solution is designed for candidates applying to entry-level leadership positions who tend to supervise salaried employees, and includes SHL’s new innovative mobile-first ability assessment, Verify Interactive – Deductive Reasoning. Sample tasks for these jobs include, but are not limited to: planning projects with subordinates; collaborating with senior managers on developing new methods and procedures; coaching employees on performance-related issues; developing employees ' skills; coordinating activities with other managers to accomplish organizational goals; setting and meeting department goals; prioritizing multiple tasks and priorities; making selected strategic and day-to-day decisions; and solving employees' and customers' problems.
Report Language Availability: English (USA).",,No,Yes,"A, B, C","Front Line Manager, Manager,",Approximate Completion Time in minutes = 53
Manager + 7.1 (Americas),https://www.shl.com/solutions/products/product-catalog/view/manager-7-1-solution-4242/,"Our Manager + 7.1 solution is designed for candidates applying to entry-level leadership positions who tend to supervise salaried employees, and includes SHL’s new innovative mobile-first ability assessment, Verify Interactive – Deductive Reasoning. Sample tasks for these jobs include, but are not limited to: planning projects with subordinates; collaborating with senior managers on developing new methods and procedures; coaching employees on performance-related issues; developing employees ' skills; coordinating activities with other managers to accomplish organizational goals; setting and meeting department goals; prioritizing multiple tasks and priorities; making selected strategic and day-to-day decisions; and solving employees' and customers' problems.
Report Language Availability: English (USA), Canadian French. “IMPORTANT! Please note that you will need to select the correct package depending on which norm you intend to use. The package available for this product is Americas and International"".",,No,Yes,"B, C, P","Director, Executive, Front Line Manager, Manager,",Approximate Completion Time in minutes = 63
Manager + 7.1 (International),https://www.shl.com/solutions/products/product-catalog/view/manager-7-1-%28international%29/,"Our Manager + 7.1 solution is designed for candidates applying to entry-level leadership positions who tend to supervise salaried employees, and includes SHL’s new innovative mobile-first ability assessment, Verify Interactive – Deductive Reasoning. Sample tasks for these jobs include, but are not limited to: planning projects with subordinates; collaborating with senior managers on developing new methods and procedures; coaching employees on performance-related issues; developing employees ' skills; coordinating activities with other managers to accomplish organizational goals; setting and meeting department goals; prioritizing multiple tasks and priorities; making selected strategic and day-to-day decisions; and solving employees' and customers' problems.
Report Language Availability: English (USA), Canadian French, Brazilian Portuguese, Danish, Dutch, Finnish, Italian, Norwegian, Swedish. “IMPORTANT! Please note that you will need to select the correct package depending on which norm you intend to use. The package available for this product is Americas and International"".",,No,Yes,"B, C, P","Director, Executive, Front Line Manager, Manager,",Approximate Completion Time in minutes = 63
Manager 7.0 Solution,https://www.shl.com/solutions/products/product-catalog/view/manager-7-0-solution/,"Our Manager 7.0 solution is designed for candidates applying to entry-level leadership positions who tend to supervise salaried employees. Sample tasks for these jobs include, but are not limited to: planning projects with subordinates; collaborating with senior managers on developing new methods and procedures; coaching employees on performance-related issues; developing employees ' skills; coordinating activities with other managers to accomplish organizational goals; setting and meeting department goals; prioritizing multiple tasks and priorities; making selected strategic and day-to-day decisions; and solving employees' and customers' problems.
Report Language Availability: English (USA), Latin American Spanish.",,No,No,"B, C","Manager, Front Line Manager,",Approximate Completion Time in minutes = 35
Manager 7.1 (Americas),https://www.shl.com/solutions/products/product-catalog/view/manager-7-1-%28americas%29/,"Our Manager 7.1 solution is designed for candidates applying to entry-level leadership positions who tend to supervise salaried employees. Sample tasks for these jobs include, but are not limited to: planning projects with subordinates; collaborating with senior managers on developing new methods and procedures; coaching employees on performance-related issues; developing employees ' skills; coordinating activities with other managers to accomplish organizational goals; setting and meeting department goals; prioritizing multiple tasks and priorities; making selected strategic and day-to-day decisions; and solving employees' and customers' problems.Report Language Availability: English (USA), Danish, Finnish, Canadian French, Italian, Norwegian, French, German, English International,.  “IMPORTANT! Please note that you will need to select the correct package depending on which norm you intend to use. The package available for this product is International"".",,No,No,"B, C, P","Executive, Director, Front Line Manager, Manager,",Approximate Completion Time in minutes = 40
Manager 7.1 (International),https://www.shl.com/solutions/products/product-catalog/view/manager-7-1-solution/,"Our Manager 7.1 solution is designed for candidates applying to entry-level leadership positions who tend to supervise salaried employees. Sample tasks for these jobs include, but are not limited to: planning projects with subordinates; collaborating with senior managers on developing new methods and procedures; coaching employees on performance-related issues; developing employees ' skills; coordinating activities with other managers to accomplish organizational goals; setting and meeting department goals; prioritizing multiple tasks and priorities; making selected strategic and day-to-day decisions; and solving employees' and customers' problems.Report Language Availability: English (USA), Danish, Finnish, Canadian French, Italian, Norwegian, French, German, English International,.  “IMPORTANT! Please note that you will need to select the correct package depending on which norm you intend to use. The package available for this product is International"".",,No,No,"B, C, P","Director, Executive, Front Line Manager, Manager,",Approximate Completion Time in minutes = 40
Manager 8.0 JFA,https://www.shl.com/solutions/products/product-catalog/view/manager-8-0-jfa/,The Manager 8.0 Job-Focused Assessment is designed for candidates applying to their first leadership positions. It measures behaviors that underlie successful performance in first-line manager roles across a wide range of industries. It is most relevant to positions that supervise salaried employees. This JFA includes the Reskilling Potential Scale and the Management Potential Scale. •The Reskilling Potential scale measures tendency to learn from experiences in a way that supports professional success. •The Management Potential scale measures the potential for managerial success across industry type and functional area.,,No,No,"B, K, P","Manager,",Approximate Completion Time in minutes = 26
Manager 8.0+ JFA,https://www.shl.com/solutions/products/product-catalog/view/manager-8-0-jfa-4310/,"The Manager 8.0+ Job-Focused Assessment is designed for candidates applying to their first leadership positions and includes SHL’s new innovative mobile-first ability assessment, Verify Interactive – Inductive Reasoning. It measures behaviors that underlie successful performance in first-line manager roles across a wide range of industries. It is most relevant to positions that supervise salaried employees. This JFA includes the Reskilling Potential Scale and the Management Potential Scale. •The Reskilling Potential scale measures tendency to learn from experiences in a way that supports professional success. •The Management Potential scale measures the potential for managerial success across industry type and functional area.",,No,No,"B, K, P","Manager,",Approximate Completion Time in minutes = 44
Manufacturing Production Team Member,https://www.shl.com/solutions/products/product-catalog/view/manufacturing-production-team-member/,"The Manufacturing Production Team Member solution is designed for entry-level positions to measure the behaviors and experiences that underlie successful and safe performance in the workplace for production workers. This solution measures a candidate’s error checking abilities and general tendency to behave safely and efficiently in the workplace. The solution uses a variety of assessment types including measures of personality traits, safety-related situational judgment, and error checking. The Manufacturing Production Team Member solution is designed for selection to job titles, such as: Production Worker, Material Handler, Driver, Forklift Operator, Crewman, Mechanic, and Receiver.",,No,No,"A, B","Entry-Level,",Approximate Completion Time in minutes = 35
Manufacturing Skilled Maintenance Worker,https://www.shl.com/solutions/products/product-catalog/view/manufacturing-skilled-maintenance-worker/,"The Manufacturing Skilled Maintenance solution is designed for entry-level positions to measure the behaviors and experiences that underlie successful and safe performance in the workplace. This solution measures a candidate’s mechanical comprehension abilities and general tendency to behave safely and efficiently in the workplace. This solution uses a variety of assessment types including measures of personality traits, safety-related situational judgment, and mechanical comprehension. The Manufacturing Skilled Maintenance solution is designed for selection to job titles, such as: Industrial Machinery Mechanic, Automotive Service Technician, Small Engine Mechanic, Mobile Equipment Service Technician, and Diesel Service Technician.",,No,No,"A, B","Entry-Level,",Approximate Completion Time in minutes = 45
Network Engineer/Analyst Solution,https://www.shl.com/solutions/products/product-catalog/view/network-engineeranalyst-solution/,"The Network Engineer/Analyst solution is designed for use with professional level telecommunications engineers and network analysts. The solution is focused on positions that involve the design and monitoring of complex telecommunications networks, and places an emphasis on reasoning ability, attention to detail, and multitasking. Sample tasks may include: designing networks or network elements, ensuring proper network operation and performance, and monitoring and troubleshooting electronic data and communication networks. Potential job titles that use this solution are: Network Engineer, Network Analyst, and Communications Engineer. There are multiple configurations of this solution available.",,No,Yes,"P, S, K, B, A","Professional Individual Contributor,",Approximate Completion Time in minutes = 41
Nurse Leader Solution,https://www.shl.com/solutions/products/product-catalog/view/nurse-leader-solution/,"The Nurse Leader solution is an assessment used for job candidates applying to entry-level nurse leadership positions who tend to supervise hourly employees.  Sample tasks for these jobs include, but are not limited to: planning and preparing work schedules; assigning nurses to specific duties; coaching nurses on attendance, conduct, schedule adherence, and work related tasks; developing nurses' skills; training subordinates; prioritizing multiple tasks and priorities; and making day-to-day decisions with minimal guidance from others in a healthcare setting. Potential job titles that use this solution are: Nurse Leader or Nurse Manager. There are multiple configurations and versions of this solution available.",,No,Yes,"S, A, B, P","Front Line Manager, Manager, Supervisor,",Approximate Completion Time in minutes = 59
Nurse Solution,https://www.shl.com/solutions/products/product-catalog/view/nurse-solution/,"The Nurse solution is for professional-level healthcare nursing positions that require licensing or registration.  Sample tasks for these jobs include, but are not limited to: assessing the health conditions of patients, documenting patients' medical information, creating a nursing care plan, and educating patients' about healthcare issues.  Potential job titles that use this solution are: Registered Nurse, Charge Nurse, Licensed Practical Nurse, and Clinic Nurse.  Multiple configurations of this solution are available.",,No,Yes,"P, A, B","Professional Individual Contributor,",Approximate Completion Time in minutes = 66
Nursing Assistant Solution,https://www.shl.com/solutions/products/product-catalog/view/nursing-assistant-solution/,"The Nursing Assistant solution is for entry-level positions in a clinic or hospital environment. Sample tasks for this job include, but are not limited to: turning and re-positioning bedridden patients, feeding patients who cannot feed themselves, and observing patients' conditions, including measuring and recording food intake.  Potential job titles that use this solution are: Certified Nursing Assistant, Nursing Aide, Patient Care Technician, and Hospital Attendant.  Multiple configurations of this solution are available.",,No,No,"A, B, P","Entry-Level,",Approximate Completion Time in minutes = 41
Personal Banker - Short Form,https://www.shl.com/solutions/products/product-catalog/view/personal-banker-short-form/,"The Personal Banker – Loan Officer solution is for entry to mid-level financial institution positions. Sample tasks for this job would include, but are not limited to: acquiring, retaining and expanding new and existing customer relationships, discovering customer needs, making the best recommendation, completing sales, proactively contacting & meeting customers, and asking for referrals.",,No,No,"A, B, K, P, S","Entry-Level, Mid-Professional,",Approximate Completion Time in minutes = 30
Phone Banker - Short Form,https://www.shl.com/solutions/products/product-catalog/view/phone-banker-short-form/,"This solution is for entry to mid-level financial institution positions. Candidates are asked to answer multiple choice questions to assess learning potential, dependability, persistence and planfulness, sales focus, customer focus, and working with information.",,No,No,"A, B, P","Entry-Level, Mid-Professional,",Approximate Completion Time in minutes = 40
Prep/Line Cook Solution,https://www.shl.com/solutions/products/product-catalog/view/prepline-cook-solution/,"The Prep/Line Cook solution is for entry-level food preparation positions in the hospitality industry. Sample tasks include preparing ingredients and final food items for consumption. The solution is focused on work ethic and performing quality work with no direct customer contact or sales requirements. Potential job titles that use this solution are: Cook, Line Cook, Food Preparer, Prep Cook and Chef. Multiple configurations of this solution are available.",,No,Yes,"A, B, P","Entry-Level,",Approximate Completion Time in minutes = 24
Professional + 7.0 Solution,https://www.shl.com/solutions/products/product-catalog/view/professional-7-0-solution-3958/,"Our Professional + 7.0 solution is designed for all non-managerial professional individual contributor positions, and includes SHL’s new innovative mobile-first ability assessment, Verify Interactive – Deductive Reasoning. Sample tasks for these jobs include, but are not limited to: gathering requirements, analyzing data, managing projects, producing products or services.
Report Language Availability: English (USA).",,No,Yes,"A, B, C","Mid-Professional, Professional Individual Contributor,",Approximate Completion Time in minutes = 51
Professional + 7.1 (Americas),https://www.shl.com/solutions/products/product-catalog/view/professional-7-1-%28americas%29/,"Our Professional + 7.1 solution is designed for all non-managerial professional individual contributor positions, and includes SHL’s new innovative mobile-first ability assessment, Verify Interactive – Deductive Reasoning. Sample tasks for these jobs include, but are not limited to: gathering requirements, analyzing data, managing projects, producing products or services.",,No,Yes,"B, C, P","General Population, Mid-Professional, Professional Individual Contributor,",Approximate Completion Time in minutes = 56
Professional + 7.1 (International),https://www.shl.com/solutions/products/product-catalog/view/professional-7-1-solution/,"Our Professional + 7.1 solution is designed for all non-managerial professional individual contributor positions, and includes SHL’s new innovative mobile-first ability assessment, Verify Interactive – Deductive Reasoning. Sample tasks for these jobs include, but are not limited to: gathering requirements, analyzing data, managing projects, producing products or services.",,No,Yes,"B, C, P","General Population, Mid-Professional, Professional Individual Contributor,",Approximate Completion Time in minutes = 56
Professional 7.0 Solution,https://www.shl.com/solutions/products/product-catalog/view/professional-7-0-solution/,"Our Professional 7.0 solution is designed for all non-managerial professional individual contributor positions. Sample tasks for these jobs include, but are not limited to: gathering requirements, analyzing data, managing projects, producing products or services.
Report Language Availability: English (USA), Latin American Spanish.",,No,No,"B, C","Mid-Professional, Professional Individual Contributor,",Approximate Completion Time in minutes = 33
Professional 7.1 (International),https://www.shl.com/solutions/products/product-catalog/view/professional-7-1-solution-4247/,"Our Professional 7.1 solution is designed for all non-managerial professional individual contributor positions. Sample tasks for these jobs include, but are not limited to: gathering requirements, analyzing data, managing projects, producing products or services.",,No,No,"C, B","Professional Individual Contributor, Mid-Professional,",Approximate Completion Time in minutes = 33
Professional 8.0 JFA,https://www.shl.com/solutions/products/product-catalog/view/professional-8-0-jfa/,The Professional 8.0 Job-Focused Assessment is designed for all non-managerial professional/individual contributor positions. It measures behaviors that underlie successful performance in a professional/individual contributor setting across a wide range of industries.,,No,No,"B, K, P","Professional Individual Contributor,",Approximate Completion Time in minutes = 16
Professional/Individual Contributor - Short Form,https://www.shl.com/solutions/products/product-catalog/view/professionalindividual-contributor-short-form/,"The Professional/Individual Contributor solution is for mid to upper-level, non-managerial positions. Sample tasks for these jobs include, but are not limited to: meeting with clients to determine their needs, analyzing data sets, and working with co-workers to complete projects. Potential job titles that use this solution are: Engineer, Human Resource Consultant, and IT Analyst.",,No,Yes,"A, B, P, S","Mid-Professional, Professional Individual Contributor,",Approximate Completion Time in minutes = 44
Project Manager - Short Form,https://www.shl.com/solutions/products/product-catalog/view/project-manager-short-form/,"The Project Manager solution is designed for positions that lead medium to large scale projects with multiple team members involved. Sample tasks for this job include, but are not limited to: guiding, supervising, and influencing project team members, scoping project resource requirements, and managing project timelines, scope and budgets. Potential job titles that ues this solution are: Project Manager, Implementation Manager, Construction Project Manager and IT Project Manager.",,No,Yes,"A, B, P, S","Professional Individual Contributor,",Approximate Completion Time in minutes = 49
Claims/Operations Supervisor Solution,https://www.shl.com/solutions/products/product-catalog/view/claimsoperations-supervisor-solution/,"The Claims/Operations Supervisor solution is for entry-level management positions that involve supervising hourly employees.  Sample tasks for this job include, but are not limited to: planning and preapring work schedules; assigning employees to specific dutites; coaching employees on attendance, conduct, schedule adherence, and work tasks; developing employees' skills; training subordinates; prioritizing multiple tasks and priorities; making day-to-day decisions with minimal guidance from others.  Potential job titles that use this solution are: Team Leader, Coach, First Line Supervisor, Claims Supervisor, Operations Supervisor, and Customer Service Supervisor.  Multiple configurations of this solution are available.",,No,Yes,"P, S, A, B","Manager,",Approximate Completion Time in minutes = 48
Contact Center Customer Service + 8.0,https://www.shl.com/solutions/products/product-catalog/view/contact-center-customer-service-8-0/,"The Contact Center + 8.0 - Customer Service Job Focused Assessment is designed to measure the skills, competencies, and behaviors needed for success in contact center roles where the main focus is customer service. This JFA includes a mobile-optimized contact center simulation, a behavioral assessment, and a cognitive test. Together, these assessments capture the ability to provide exceptional customer service in entry-level contact center roles.",,No,No,"A, B, C, P, S","Entry-Level,",Approximate Completion Time in minutes = 41
Contact Center Customer Service 8.0,https://www.shl.com/solutions/products/product-catalog/view/contact-center-customer-service-8-0-4269/,The Customer Service 8.0 JFA is designed for entry-level positions in a contact center environment where the main focus is customer service.,,No,No,"S, B, C, P","Entry-Level,",Approximate Completion Time in minutes = 31
Contact Center Manager - Short Form,https://www.shl.com/solutions/products/product-catalog/view/contact-center-manager-short-form/,"The Contact Center - Manager solution is for mid to upper-level contact center managerial positions. Sample
tasks for these jobs include, but are not limited to: supervising and coordinating the activities of subordinates;
interacting day-to-day with subordinates; and training employees. Potential job titles that use this solution are:
Contact Center Team Leader, First Line Supervisor, and Contact Center Manager.",,No,Yes,"A, B, P, S","Manager, Supervisor, Front Line Manager,",Approximate Completion Time in minutes = 50
Contact Center Sales & Service + 8.0,https://www.shl.com/solutions/products/product-catalog/view/contact-center-sales-and-service-8-0/,"The Contact Center + 8.0 - Sales & Service Job Focused Assessment is designed to measure the skills, competencies, and behaviors needed for success in contact center roles that involve sales-related behaviors such as recommending products or services and retaining customers. This JFA includes a mobile-optimized contact center simulation, a behavioral assessment, and a cognitive test. Together, these assessments capture the ability to provide exceptional customer service and drive sales in entry-level contact center roles.",,No,No,"P, B, C, A, S","Entry-Level,",Approximate Completion Time in minutes = 41
Contact Center Sales & Service 8.0,https://www.shl.com/solutions/products/product-catalog/view/contact-center-sales-and-service-8-0-4268/,The Sales & Service 8.0 JFA is designed for contact center roles that involve sales or sales-related behaviors such as recommending products or services and retaining customers.,,No,No,"S, B, C, P","Entry-Level,",Approximate Completion Time in minutes = 31
Contact Center Team Lead/Coach - Short Form,https://www.shl.com/solutions/products/product-catalog/view/contact-center-team-leadcoach-short-form/,"The Contact Center - Team Lead/Coach solution is for job candidates applying to entry-level leadership
positions who tend to supervise hourly employees. Sample tasks for these jobs include, but are not limited
to: planning and preparing work schedules; assigning employees to specific duties; coaching employees on
attendance, conduct, schedule adherence, and work tasks; developing employees' skills; training subordinates
or less tenured peers; prioritizing multiple tasks and priorities; and making day-to-day decisions with minimal
guidance from others. Potential job titles that use this solution are: Team Leader, Coach, First Line Supervisor,
Processing Supervisor, Call Center Supervisor, and Customer Service Supervisor.",,No,Yes,"A, B, P, S","Front Line Manager, Professional Individual Contributor, Supervisor,",Approximate Completion Time in minutes = 45
Contact Centre Agent Solution - UK,https://www.shl.com/solutions/products/product-catalog/view/contact-centre-agent-solution-uk/,"This solution is used for job candidates applying to entry-level positions in a contact centre environment where the main focus of the job is customer service. The candidate answers multiple choice questions as well as questions in a customer call simulation environment. The solution measures: working with information, customer focus, contact centre retention, navigation, service orientation, and tactful problem solving. In addition, the solution measures data entry speed and accuracy, multi-tasking preferences, achievement orientation and conscientiousness.",,No,No,"A, B, P, S","Entry-Level,",Approximate Completion Time in minutes = 39
Customer Service - Short Form,https://www.shl.com/solutions/products/product-catalog/view/customer-service-short-form/,"The Customer Service Representative Solution is for entry-level positions that involve a high degree of interaction with customers in person or on the phone. Sample tasks for this job include, but are not limited to: taking orders; solving product or service issues; responding positively to difficult customers; referring unresolved issues to the appropriate individuals; providing information on products and/or services. Potential job titles that use this solution are: Account Service Representative, Account Representative, Customer Service Representative, and Customer Service Agent.",,No,Yes,"A, B, P","Entry-Level,",Approximate Completion Time in minutes = 42
Customer Service - Short Form - UK,https://www.shl.com/solutions/products/product-catalog/view/customer-service-short-form-uk/,"The Customer Service Representative solution is for entry-level positions that involve
a high degree of interaction with customers in person or on the phone. Sample tasks
for this job include, but are not limited to: taking orders; solving product or service
issues; responding positively to difficult customers; referring unresolved issues to the
appropriate individuals; providing information on products and/or services. Potential
job titles that use this solution are: Account Service Representative, Account
Representative, Customer Service Representative, and Customer Service Agent.",,No,Yes,"A, B, P","Entry-Level,",Approximate Completion Time in minutes = 42
Customer Service with Sales - Short Form,https://www.shl.com/solutions/products/product-catalog/view/customer-service-with-sales-short-form/,"The Customer Service with Sales solution is for entry-level positions that involve both providing service and support to customers and selling goods and services. Sample tasks for this job include, but are not limited to: taking orders; solving product or service issues; selling products and services; responding positively to difficult customers; adding new goods and services to existing accounts; providing information on products and/or services. Potential job titles that use this solution are: Account Service Representative, Account Representative, Customer Service Representative, and Sales Representative.",,No,Yes,"A, B, P","Entry-Level,",Approximate Completion Time in minutes = 44
Director - Short Form,https://www.shl.com/solutions/products/product-catalog/view/director-short-form/,"The Director solution is intended for use with senior level positions responsible for the planning, directing, or coordinating key business activities and operations of companies. Duties and responsibilities include formulating policies, managing daily operations, and planning the use of materials and human resources. Potential job titles that use this solution are: Director, Regional Director, and Director of Operations.",,No,Yes,"A, B, P","Director,",Approximate Completion Time in minutes = 69
Account Manager Solution,https://www.shl.com/solutions/products/product-catalog/view/account-manager-solution/,"The Account Manager solution is an assessment used for job candidates applying to mid-level leadership positions that tend to manage the day-to-day operations and activities of client accounts. Sample tasks for these jobs include, but are not limited to: communicating with clients about project status, developing and maintaining project plans, coordinating internally with appropriate project personnel, and ensuring client expectations are being met. Potential job titles that use this solution are: Account Executive, Account Manager, and Senior Account Manager. There are multiple configurations of this solution available.",,No,Yes,"C, P, A, B","Mid-Professional,",Approximate Completion Time in minutes = 49
Administrative Professional - Short Form,https://www.shl.com/solutions/products/product-catalog/view/administrative-professional-short-form/,"The Administrative Professional solution is for entry to mid-level positions that involve routine clerical and administrative functions in addition to office management functions and customer service. Sample tasks for this job include, but are not limited to: arranging conference calls; drafting correspondence; scheduling meetings; greeting visitors; coordinating office activities. Potential job titles that use this solution are: Administrative Assistant, Secretary, Office Manager, Administrative Aide, and Administrative Associate.",,No,Yes,"A, K, P","Entry-Level,",Approximate Completion Time in minutes = 36
Agency Manager Solution,https://www.shl.com/solutions/products/product-catalog/view/agency-manager-solution/,"The Agency Manager solution is for mid-level sales management positions that include front line management and sales responsibilities. Sample tasks for this job include, but are not limited to: directing and coordinating financial activities of workers in a branch, office, or department of an establishment, such as branch bank, brokerage firm, risk and insurance department, or credit department.  Potential job titles that use this solution are: Agency Manager, Brokerage Manager. Multiple configurations of this solution are available.",,No,Yes,"A, B, P, S","Front Line Manager, Manager, Supervisor,",Approximate Completion Time in minutes = 51
Apprentice + 8.0 Job Focused Assessment,https://www.shl.com/solutions/products/product-catalog/view/apprentice-8-0-job-focused-assessment-4261/,"The Apprentice + 8.0 Job-Focused Assessment is a short, targeted, globally applicable assessment which includes a short cognitive ability measure. This assessment is designed for entry-level positions appropriate for countries and industries that use an apprenticeship model. It is intended to be used multi-nationally for organisations whose business spans across regions.",,No,No,"B, P","General Population, Graduate, Entry-Level,",Approximate Completion Time in minutes = 30
Apprentice 8.0 Job Focused Assessment,https://www.shl.com/solutions/products/product-catalog/view/apprentice-8-0-job-focused-assessment/,"The Apprentice 8.0 Job-Focused Assessment is a short, targeted, globally applicable assessment. This assessment is designed for entry-level positions appropriate for countries and industries that use an apprenticeship model. It is intended to be used multi-nationally for organizations whose business spans across regions.",,No,No,"B, P","Entry-Level, General Population, Graduate,",Approximate Completion Time in minutes = 20
Bank Administrative Assistant - Short Form,https://www.shl.com/solutions/products/product-catalog/view/bank-administrative-assistant-short-form/,"The Administrative Assistant solution is for entry-level clerical positions that interact with external or internal customers. Sample tasks for these jobs include, but are not limited to: answering telephones, managing files and records, sorting mail, greeting customers, and collaborating with co-workers on projects. Potential job titles that use this solution are: Receptionist and Administrative Assistant. There are multiple configurations of this solution available.",,No,No,"A, B, K, P","Entry-Level,",Approximate Completion Time in minutes = 35
Bank Collections Agent - Short Form,https://www.shl.com/solutions/products/product-catalog/view/bank-collections-agent-short-form/,"This solution is for entry-level collections positions in an inbound or outbound call center environment in a financial setting. Candidates answer multiple choice questions to measure achievement orientation, dependability, collector numerical skills, revenue recovery, customer focus, and persistence and planfulness. There are multiple configurations and versions of this solution available.",,No,No,"A, B, P","Entry-Level,",Approximate Completion Time in minutes = 45
Bank Operations Supervisor - Short Form,https://www.shl.com/solutions/products/product-catalog/view/bank-operations-supervisor-short-form/,"The Bank Operations Supervisor solution is for job candidates applying to entry-level leadership positions who tend to supervise hourly employees. Sample tasks for these jobs include, but are not limited to:  planning and preparing work schedules, assigning employees to specific duties; coaching  employees on attendance, conduct, schedule adherence, and work tasks, developing employees' skills ; training subordinates; prioritizing multiple tasks  and priorities; and making  day-to-day decisions with minimal guidance from others. Potential job titles that use this solution are: Team Leader, First Line Supervisor, Processing Supervisor, Call Center Supervisor, and Customer Service Supervisor. There are multiple configurations and versions of this solution available.",,No,Yes,"A, B, P, S","Front Line Manager, Manager, Supervisor,",Approximate Completion Time in minutes = 45
Bilingual Spanish Reservation Agent Solution,https://www.shl.com/solutions/products/product-catalog/view/bilingual-spanish-reservation-agent-solution/,"The Bilingual Reservation Agent solution is designed for customer centered entry-level positions within the hospitality industry. Sample tasks may include making, updating, or canceling hotel reservations made in English or Spanish; listening to customers speak Spanish and entering information into a computer in English; providing information on the hotel and the services offered. Potential job titles that use this solution are: Bilingual Reservation Agent, Customer Service Representative and Reservationist. Multiple configurations of this solution are available.",,No,Yes,"B, P, S, A","Entry-Level,",Approximate Completion Time in minutes = 43
"Bookkeeping, Accounting, Auditing Clerk Short Form",https://www.shl.com/solutions/products/product-catalog/view/bookkeeping-accounting-auditing-clerk-short-form/,"The Bookkeeping, Accounting, and Auditing Clerk solution is for entry-level positions that involve entering numerical data into computer systems and maintaining financial records. Sample tasks for this job include, but are not limited to: entering financial data into computers; checking financial records for accuracy; perform routine computations on financial data. Potential job titles that use this solution are: Accounting Clerk, Bookkeeper, Accounting Associate, Auditing Clerk and Accounts Receivable Clerk.",,No,Yes,"P, S, K, B, A","Entry-Level,",Approximate Completion Time in minutes = 49
Branch Manager - Short Form,https://www.shl.com/solutions/products/product-catalog/view/branch-manager-short-form/,"This solution is for mid to upper-level financial institution managerial positions. Candidates answer a series of multiple choice questions to measure management potential, management judgment, leadership potential, team management, branch manager problem solving, business leadership, leadership motivation, interpersonal leadership, self leadership, and branch manager judgment. There are multiple configurations and versions of this solution available.",,No,No,"A, B, P","Front Line Manager, Manager, Supervisor,",Approximate Completion Time in minutes = 50
Cashier Solution,https://www.shl.com/solutions/products/product-catalog/view/cashier-solution/,"The Cashier solution is for entry-level retail positions in which employees receive payment in the form of cash, check, or credit cards for goods purchased. Sample tasks for these jobs include, but are not limited to: handling payments, offering customer service, and issuing receipts and refunds. Potential job titles that use this solution are: Cashier, Sales Associate, and Clerk. There are multiple configurations and versions of this solution available.",,No,Yes,"B, A, P","Entry-Level,",Approximate Completion Time in minutes = 28
Teller 7.0,https://www.shl.com/solutions/products/product-catalog/view/teller-7-0/,"Teller or cashier positions are integral to financial institutions as they conduct numerous banking transactions each day, as well as being the face of the bank to its customers. The Teller Solution contains scales that measure a person’s ability to handle money, prevent transactional errors, promote quality customer service, and generate sales or referrals appropriately.",,No,Yes,"B, K, P, S","Entry-Level,",Approximate Completion Time in minutes = 35
Teller with Sales - Short Form,https://www.shl.com/solutions/products/product-catalog/view/teller-with-sales-short-form/,"The Teller solution with Sales is for entry-level financial institution teller positions. Sample tasks for this job would include, but are not limited to: balancing currency, coin and checks, cashing checks and paying out money, entering customer transactions into computers, and suggestive selling after a customer service interaction.",,No,No,"A, B, K, P, S","Entry-Level,",Approximate Completion Time in minutes = 35
Transcriptionist Solution,https://www.shl.com/solutions/products/product-catalog/view/transcriptionist-solution/,"The Transcriptionist solution is for entry-level clerical roles in a healthcare environment that require employees to translate medical information.  Sample tasks for these jobs include, but are not limited to: transcribing dictated reports, deciphering medical jargon, and proofing medical reports.  Potential job titles that use this solution are: Medical Transcriptionist, Medical Transcriber, and Documentation Specialist.  Multiple configurations of this solution are available.",,No,Yes,"A, B, K, P","Entry-Level,",Approximate Completion Time in minutes = 33
Workplace Safety - Individual 7.0 Solution,https://www.shl.com/solutions/products/product-catalog/view/workplace-safety-individual-7-0-solution/,"Our Workplace Safety - Individual 7.0 solution is designed for entry-level positions and measures the behaviors and experiences that underlie successful and safe performance with more individually-oriented roles or work environments. The solution assesses behaviors and competencies foundational to safety across a wide range of jobs, including: following policies and procedures; wearing required protective equipment; safely operating vehicles and/or machinery; taking action in unsafe situations; and producing high quality work. 
Industries and environments with entry-level positions that use this solution are: Warehouse, Healthcare, Delivery and Logistics, Food Handling and Preparation, Assembly and Installation, Transportation, Manufacturing and Processing, Construction, Drivers, Oil and Gas, and Mining.
Report Language Availability: English (USA), Latin American Spanish.",,No,No,B,"Entry-Level,",Approximate Completion Time in minutes = 16
Workplace Safety - Individual 7.1 (Americas),https://www.shl.com/solutions/products/product-catalog/view/workplace-safety-individual-7-1-solution/,"Our Workplace Safety - Individual 7.1 solution is designed for entry-level positions and measures the behaviors and experiences that underlie successful and safe performance with more individually-oriented roles or work environments. The solution assesses behaviors and competencies foundational to safety across a wide range of jobs, including: following policies and procedures; wearing required protective equipment; safely operating vehicles and/or machinery; taking action in unsafe situations; and producing high quality work. 
Industries and environments with entry-level positions that use this solution are: Warehouse, Healthcare, Delivery and Logistics, Food Handling and Preparation, Assembly and Installation, Transportation, Manufacturing and Processing, Construction, Drivers, Oil and Gas, and Mining.",,No,No,B,"Entry-Level,",Approximate Completion Time in minutes = 16
Workplace Safety - Team 7.0 Solution,https://www.shl.com/solutions/products/product-catalog/view/workplace-safety-team-7-0-solution/,"The Workplace Safety – Team 7.0 solution is designed for entry-level positions to measure the competencies and experiences that underlie successful and safe performance in a team based work environment. The solution predicts the following types of behaviors and competencies foundational to safety across a wide range of jobs: wearing required protective equipment; working hard and responsibly; safely moving equipment, freight, or other materials; working and communicating effectively with others; taking action when unsafe situations occur; and following policies and procedures
Industries and environments with entry-level positions that use this solution are: Warehouse, Healthcare, Delivery and Logistics, Food Handling and Preparation, Assembly and Installation, Transportation, Manufacturing and Processing, Construction, Drivers, Oil and Gas, and Mining.
Report Language Availability: English (USA), Latin American Spanish.",,No,No,B,"Director,",Approximate Completion Time in minutes = 20
Workplace Safety - Team 7.1 (Americas),https://www.shl.com/solutions/products/product-catalog/view/workplace-safety-team-7-1-%28americas%29/,"The Workplace Safety – Team 7.1 solution is designed for entry-level positions to measure the competencies and experiences that underlie successful and safe performance in a team based work environment. The solution predicts the following types of behaviors and competencies foundational to safety across a wide range of jobs: wearing required protective equipment; working hard and responsibly; safely moving equipment, freight, or other materials; working and communicating effectively with others; taking action when unsafe situations occur; and following policies and procedures
Industries and environments with entry-level positions that use this solution are: Warehouse, Healthcare, Delivery and Logistics, Food Handling and Preparation, Assembly and Installation, Transportation, Manufacturing and Processing, Construction, Drivers, Oil and Gas, and Mining.",,No,No,"B, C, P","Entry-Level, General Population, Professional Individual Contributor,",Approximate Completion Time in minutes = 20
Workplace Safety - Team 7.1 (International),https://www.shl.com/solutions/products/product-catalog/view/workplace-safety-team-7-1-solution/,"The Workplace Safety – Team 7.1 solution is designed for entry-level positions to measure the competencies and experiences that underlie successful and safe performance in a team based work environment. The solution predicts the following types of behaviors and competencies foundational to safety across a wide range of jobs: wearing required protective equipment; working hard and responsibly; safely moving equipment, freight, or other materials; working and communicating effectively with others; taking action when unsafe situations occur; and following policies and procedures
Industries and environments with entry-level positions that use this solution are: Warehouse, Healthcare, Delivery and Logistics, Food Handling and Preparation, Assembly and Installation, Transportation, Manufacturing and Processing, Construction, Drivers, Oil and Gas, and Mining.",,No,No,"B, C, P","Entry-Level, General Population, Professional Individual Contributor,",Approximate Completion Time in minutes = 20
Workplace Safety Solution,https://www.shl.com/solutions/products/product-catalog/view/workplace-safety-solution/,"The Workplace Safety Solution is designed for entry-level positions to measure the competencies and experiences that underlie successful and safe performance in the workplace. This solution measures one’s general tendency to behave safely in the workplace using a variety of assessment types including personality traits, safety-related situational judgment, and biodata. Potential job titles that use this solution are: Material Handler, Shipping Operator, Driver, Forklift Operator, Crewman, Mechanic, and Receiver.",,No,Yes,"B, P","Entry-Level,",Approximate Completion Time in minutes = 21
